Name,Rating
vijay,9.831711638995646
Ajith,5.193214250335806
Surya,5.605485072685133
Rajini,8.03663251206354
Kamal Hasan,3.934815185898796
